<?xml version="1.0" encoding="utf-8"?>
<!--/982002/1101914/2.50/3/4/Switch/-->
<quadcept_library>
  <setting unit="mil" />
  <textstyle name="Default" height="47.244094488189" strokewidth="7.8740157480315" charwidth="47.244094488189" />
  <textstyle name="Dimension" height="19.6850393700787" strokewidth="0" charwidth="19.6850393700787" />
  <textstyle name="H127W0635TH00762" height="50" strokewidth="3" charwidth="25" />
  <textstyle name="H15W15TH02" height="59.0551181102362" strokewidth="7.8740157480315" charwidth="59.0551181102362" />
  <padstyle name="c165_h109" surface="False" plated="True" isvia="False" nopaste="True" nomask="True" complex="False" holesize="42.913385826771">
    <padshape layer="TOP" shape="round" width="64.960629921259" height="64.960629921259" />
    <padshape layer="TOP_SOLDER_MASK" shape="round" width="72.83464566929" height="72.83464566929" />
    <padshape layer="INNER" shape="round" width="64.960629921259" height="64.960629921259" />
    <padshape layer="BOTTOM" shape="round" width="64.960629921259" height="64.960629921259" />
    <padshape layer="BOTTOM_SOLDER_MASK" shape="round" width="72.83464566929" height="72.83464566929" />
  </padstyle>
  <footprint name="2MS1-T1-B4-M2-Q-E" originx="0" originy="0" pickpointx="0" pickpointy="0">
    <pcbpin number="1" name="1" style="c165_h109" originx="0" originy="-99.999999999999" rotation="90" />
    <pcbpin number="2" name="2" style="c165_h109" originx="0" originy="0" rotation="90" />
    <pcbpin number="3" name="3" style="c165_h109" originx="0" originy="99.999999999999" rotation="90" />
    <line layer="TOP_ASSEMBLY" originx="-99.999999999999" originy="160.03937007874" endx="99.999999999999" endy="160.03937007874" width="7.8740157480314" />
    <line layer="TOP_ASSEMBLY" originx="99.999999999999" originy="160.03937007874" endx="99.999999999999" endy="-160.03937007874" width="7.8740157480314" />
    <line layer="TOP_ASSEMBLY" originx="99.999999999999" originy="-160.03937007874" endx="-99.999999999999" endy="-160.03937007874" width="7.8740157480314" />
    <line layer="TOP_ASSEMBLY" originx="-99.999999999999" originy="-160.03937007874" endx="-99.999999999999" endy="160.03937007874" width="7.8740157480314" />
    <line layer="TOP_SILKSCREEN" originx="-99.999999999999" originy="160.03937007874" endx="-99.999999999999" endy="-160.03937007874" width="7.8740157480314" />
    <line layer="TOP_SILKSCREEN" originx="-99.999999999999" originy="-160.03937007874" endx="99.999999999999" endy="-160.03937007874" width="7.8740157480314" />
    <line layer="TOP_SILKSCREEN" originx="99.999999999999" originy="-160.03937007874" endx="99.999999999999" endy="160.03937007874" width="7.8740157480314" />
    <line layer="TOP_SILKSCREEN" originx="99.999999999999" originy="160.03937007874" endx="-99.999999999999" endy="160.03937007874" width="7.8740157480314" />
    <arc layer="TOP_SILKSCREEN" originx="141.85039370079" originy="-98.464566929133" startangle="180" sweepangle="180" radius="3.8188976377952" width="7.8740157480314" />
    <arc layer="TOP_SILKSCREEN" originx="141.85039370079" originy="-98.464566929133" startangle="180" sweepangle="-180" radius="3.8188976377952" width="7.8740157480314" />
  </footprint>
  <symbol name="2MS1-T1-B4-M2-Q-E" originx="0" originy="0">
    <line originx="200" originy="100" endx="600" endy="100" width="0" />
    <line originx="600" originy="-300" endx="600" endy="100" width="0" />
    <line originx="600" originy="-300" endx="200" endy="-300" width="0" />
    <line originx="200" originy="100" endx="200" endy="-300" width="0" />
    <sympin number="1" originx="200" originy="-200" rotation="180" length="100" width="7.8740157480315" flipped="False">
      <text name="pinname" originx="230" originy="-200" style="Default" rotation="0" justify="left" flipped="False" hidden="False" data="1" />
      <text name="pindes" originx="140" originy="-180" style="Default" rotation="0" justify="lowerright" flipped="False" hidden="False" data="1" />
    </sympin>
    <sympin number="2" originx="200" originy="-100" rotation="180" length="100" width="7.8740157480315" flipped="False">
      <text name="pinname" originx="230" originy="-100" style="Default" rotation="0" justify="left" flipped="False" hidden="False" data="2" />
      <text name="pindes" originx="140" originy="-80" style="Default" rotation="0" justify="lowerright" flipped="False" hidden="False" data="2" />
    </sympin>
    <sympin number="3" originx="200" originy="0" rotation="180" length="100" width="7.8740157480315" flipped="False">
      <text name="pinname" originx="230" originy="0" style="Default" rotation="0" justify="left" flipped="False" hidden="False" data="3" />
      <text name="pindes" originx="140" originy="20" style="Default" rotation="0" justify="lowerright" flipped="False" hidden="False" data="3" />
    </sympin>
  </symbol>
  <component name="2MS1-T1-B4-M2-Q-E" designatorprefix="S" height="0" footprint="2MS1-T1-B4-M2-Q-E">
    <comppin designator="1" sympin="1" pinswap="0" gateswap="0" gate="1" group="1" side="" type="Any" name="1" />
    <comppin designator="2" sympin="2" pinswap="0" gateswap="0" gate="1" group="1" side="" type="Any" name="2" />
    <comppin designator="3" sympin="3" pinswap="0" gateswap="0" gate="1" group="1" side="" type="Any" name="3" />
    <attached_symbol gate="1" name="2MS1-T1-B4-M2-Q-E" />
    <pinmap designator="1" footprintpin="1" />
    <pinmap designator="2" footprintpin="2" />
    <pinmap designator="3" footprintpin="3" />
    <text name="Datasheet" originx="0" originy="0" style="Default" rotation="0" justify="" flipped="False" hidden="True" data="http://akizukidenshi.com/download/2MS1-T1-B4-M2-Q-E-S.pdf" />
    <text name="Description" originx="0" originy="0" style="Default" rotation="0" justify="" flipped="False" hidden="True" data="Sub-miniature toggle switch" />
    <text name="Manufacturer_Name" originx="0" originy="0" style="Default" rotation="0" justify="" flipped="False" hidden="True" data="Cosland" />
    <text name="Manufacturer_Part_Number" originx="650" originy="200" style="Default" rotation="0" justify="left" flipped="False" hidden="False" data="2MS1-T1-B4-M2-Q-E" />
    <text name="Mouser Part Number" originx="0" originy="0" style="Default" rotation="0" justify="" flipped="False" hidden="True" data="" />
    <text name="Mouser Price/Stock" originx="0" originy="0" style="Default" rotation="0" justify="" flipped="False" hidden="True" data="" />
    <text name="Arrow Part Number" originx="0" originy="0" style="Default" rotation="0" justify="" flipped="False" hidden="True" data="" />
    <text name="Arrow Price/Stock" originx="0" originy="0" style="Default" rotation="0" justify="" flipped="False" hidden="True" data="" />
  </component>
</quadcept_library>
